{"name":"0c735957-2565-4f89-9de5-4220717e599b","id":"/providers/Microsoft.Flow/flows/0c735957-2565-4f89-9de5-4220717e599b","type":"Microsoft.Flow/flows","properties":{"apiId":"/providers/Microsoft.PowerApps/apis/shared_logicflows","displayName":"vidéo","definition":{"metadata":{"workflowEntityId":null,"processAdvisorMetadata":null,"flowChargedByPaygo":null,"flowclientsuspensionreason":"None","flowclientsuspensiontime":null,"flowclientsuspensionreasondetails":null,"creator":{"id":"b840f8ef-30e6-40c6-9d7f-4b427dc6417a","type":"User","tenantId":"e815a725-4490-4790-9ec8-c98e420c418f"},"provisioningMethod":"FromDefinition","failureAlertSubscription":true,"clientLastModifiedTime":"2025-03-22T12:38:12.8231748Z","connectionKeySavedTimeKey":"2025-03-22T12:38:12.8231748Z","creationSource":null,"modifiedSources":"Portal"},"$schema":"https://schema.management.azure.com/providers/Microsoft.Logic/schemas/2016-06-01/workflowdefinition.json#","contentVersion":"1.0.0.0","parameters":{"$authentication":{"defaultValue":{},"type":"SecureObject"},"$connections":{"defaultValue":{},"type":"Object"}},"triggers":{"Lorsqu'une_nouvelle_réponse_est_envoyée":{"splitOn":"@triggerOutputs()?['body/value']","metadata":{"operationMetadataId":"7fbc6787-7947-45ee-a549-c9711ab6d22d"},"type":"OpenApiConnectionWebhook","inputs":{"parameters":{"form_id":"JacV6JBEkEeeyMmOQgxBj-_4QLjmMMZAnX9LQn3GQXpUNjc3M01FSDNFVlpXTDhFVzRXN0FKMjIwMS4u"},"host":{"apiId":"/providers/Microsoft.PowerApps/apis/shared_microsoftforms","connectionName":"shared_microsoftforms","operationId":"CreateFormWebhook"},"authentication":"@parameters('$authentication')"}}},"actions":{"Obtenir_les_détails_de_la_réponse":{"runAfter":{},"metadata":{"operationMetadataId":"585a83e6-41eb-4039-9c39-dacd6579e081"},"type":"OpenApiConnection","inputs":{"parameters":{"form_id":"JacV6JBEkEeeyMmOQgxBj-_4QLjmMMZAnX9LQn3GQXpUNjc3M01FSDNFVlpXTDhFVzRXN0FKMjIwMS4u","response_id":"@triggerOutputs()?['body/resourceData/responseId']"},"host":{"apiId":"/providers/Microsoft.PowerApps/apis/shared_microsoftforms","connectionName":"shared_microsoftforms","operationId":"GetFormResponseById"},"authentication":"@parameters('$authentication')"}},"Obtenir_le_contenu_du_fichier":{"runAfter":{"Obtenir_les_détails_de_la_réponse":["Succeeded"]},"metadata":{"b!zIV9tTD9U0eQfWPosCfIua3yHQ_Zxf5LgSMG_0kOvRnO1czGjmV2Rq8KWN--tLjm.01JN3OSLPUK36R4E7YVRFYBOOFYCKGKDYL":"/Recordings/Réunion avec pascal  soh-20241209_174853-Enregistrement de la réunion.mp4","operationMetadataId":"cf523439-ed5f-4e21-860a-3b0b95c2eb4c"},"type":"OpenApiConnection","inputs":{"parameters":{"id":"b!zIV9tTD9U0eQfWPosCfIua3yHQ_Zxf5LgSMG_0kOvRnO1czGjmV2Rq8KWN--tLjm.01JN3OSLPUK36R4E7YVRFYBOOFYCKGKDYL","inferContentType":true},"host":{"apiId":"/providers/Microsoft.PowerApps/apis/shared_onedriveforbusiness","connectionName":"shared_onedriveforbusiness","operationId":"GetFileContent"},"authentication":"@parameters('$authentication')"}},"Créer_un_lien_de_partage":{"runAfter":{"Obtenir_le_contenu_du_fichier":["Succeeded"]},"metadata":{"operationMetadataId":"eaeebce8-cf42-42c4-891a-36b8a4c2e19f","b!zIV9tTD9U0eQfWPosCfIua3yHQ_Zxf5LgSMG_0kOvRnO1czGjmV2Rq8KWN--tLjm.01JN3OSLPUK36R4E7YVRFYBOOFYCKGKDYL":"/Recordings/Réunion avec pascal  soh-20241209_174853-Enregistrement de la réunion.mp4"},"type":"OpenApiConnection","inputs":{"parameters":{"id":"b!zIV9tTD9U0eQfWPosCfIua3yHQ_Zxf5LgSMG_0kOvRnO1czGjmV2Rq8KWN--tLjm.01JN3OSLPUK36R4E7YVRFYBOOFYCKGKDYL","type":"View","scope":"Anonymous"},"host":{"apiId":"/providers/Microsoft.PowerApps/apis/shared_onedriveforbusiness","connectionName":"shared_onedriveforbusiness","operationId":"CreateShareLinkV2"},"authentication":"@parameters('$authentication')"}},"Envoyer_un_e-mail_(V2)":{"runAfter":{"Créer_un_lien_de_partage":["Succeeded"]},"metadata":{"operationMetadataId":"6e3f86f6-d60f-4039-bb31-878be2fce903"},"type":"OpenApiConnection","inputs":{"parameters":{"emailMessage/To":"@outputs('Obtenir_les_détails_de_la_réponse')?['body/r2caaadcf2a534a169230d8d0fb1162b5']","emailMessage/Subject":"lien du call","emailMessage/Body":"<p>@{outputs('Obtenir_les_détails_de_la_réponse')?['body/rc25d153f570a483aac761f4246845459']}, veuillez recevoir ci-après le lien du call que nous avons effectué : @{outputs('Créer_un_lien_de_partage')?['body/WebUrl']}.<br>\nnous vous remercions pour votre participation.</p>","emailMessage/From":"pascalsoh@likabo-ind.me","emailMessage/Importance":"Normal"},"host":{"apiId":"/providers/Microsoft.PowerApps/apis/shared_office365","connectionName":"shared_office365","operationId":"SendEmailV2"},"authentication":"@parameters('$authentication')"}}}},"connectionReferences":{"shared_microsoftforms":{"connectionName":"shared-microsoftform-91448d1a-5d72-4ad0-994a-ac52dce15682","source":"Embedded","id":"/providers/Microsoft.PowerApps/apis/shared_microsoftforms","tier":"NotSpecified","apiName":"microsoftforms"},"shared_onedriveforbusiness":{"connectionName":"shared-onedriveforbu-8860c35b-15e6-45ae-915d-ad7ccf93001f","source":"Embedded","id":"/providers/Microsoft.PowerApps/apis/shared_onedriveforbusiness","tier":"NotSpecified","apiName":"onedriveforbusiness"},"shared_office365":{"connectionName":"shared-office365-df633a21-7f76-4c49-a5d8-9096fd09a81d","source":"Embedded","id":"/providers/Microsoft.PowerApps/apis/shared_office365","tier":"NotSpecified","apiName":"office365"}},"flowFailureAlertSubscribed":false,"isManaged":false}}